,Loan_ID,Unnamed: 1,Gender,Married,Dependents,Education,Self_Employed,ApplicantIncome,CoapplicantIncome,Loan_Amount_Term,Credit_History,Property_Area,Loan_Status,LoanAmount,Gender_Female,Gender_Male,Gender_nan,Married_No,Married_Yes,Married_nan,Dependents_0,Dependents_1,Dependents_2,Dependents_3+,Dependents_nan,Education_Graduate,Education_Not Graduate,Self_Employed_No,Self_Employed_Yes,Self_Employed_nan,Property_Area_Rural,Property_Area_Semiurban,Property_Area_Urban
0,LP001002,,Male,No,0,Graduate,No,5849,0.0,360.0,1.0,Urban,Y,,0,1,0,1,0,0,1,0,0,0,0,1,0,1,0,0,0,0,1
1,LP001005,,Male,Yes,0,Graduate,Yes,3000,0.0,360.0,1.0,Urban,Y,66.0,0,1,0,0,1,0,1,0,0,0,0,1,0,0,1,0,0,0,1
2,LP001006,,Male,Yes,0,Not Graduate,No,2583,2358.0,360.0,1.0,Urban,Y,120.0,0,1,0,0,1,0,1,0,0,0,0,0,1,1,0,0,0,0,1
3,LP001008,,Male,No,0,Graduate,No,6000,0.0,360.0,1.0,Urban,Y,141.0,0,1,0,1,0,0,1,0,0,0,0,1,0,1,0,0,0,0,1
4,LP001011,,Male,Yes,2,Graduate,Yes,5417,4196.0,360.0,1.0,Urban,Y,267.0,0,1,0,0,1,0,0,0,1,0,0,1,0,0,1,0,0,0,1
5,LP001013,,Male,Yes,0,Not Graduate,No,2333,1516.0,360.0,1.0,Urban,Y,95.0,0,1,0,0,1,0,1,0,0,0,0,0,1,1,0,0,0,0,1
6,LP001018,,Male,Yes,2,Graduate,No,4006,1526.0,360.0,1.0,Urban,Y,168.0,0,1,0,0,1,0,0,0,1,0,0,1,0,1,0,0,0,0,1
7,LP001024,,Male,Yes,2,Graduate,No,3200,700.0,360.0,1.0,Urban,Y,70.0,0,1,0,0,1,0,0,0,1,0,0,1,0,1,0,0,0,0,1
8,LP001027,,Male,Yes,2,Graduate,,2500,1840.0,360.0,1.0,Urban,Y,109.0,0,1,0,0,1,0,0,0,1,0,0,1,0,0,0,1,0,0,1
9,LP001028,,Male,Yes,2,Graduate,No,3073,8106.0,360.0,1.0,Urban,Y,200.0,0,1,0,0,1,0,0,0,1,0,0,1,0,1,0,0,0,0,1
10,LP001030,,Male,Yes,2,Graduate,No,1299,1086.0,120.0,1.0,Urban,Y,17.0,0,1,0,0,1,0,0,0,1,0,0,1,0,1,0,0,0,0,1
11,LP001032,,Male,No,0,Graduate,No,4950,0.0,360.0,1.0,Urban,Y,125.0,0,1,0,1,0,0,1,0,0,0,0,1,0,1,0,0,0,0,1
12,LP001034,,Male,No,1,Not Graduate,No,3596,0.0,240.0,,Urban,Y,100.0,0,1,0,1,0,0,0,1,0,0,0,0,1,1,0,0,0,0,1
13,LP001041,,Male,Yes,0,Graduate,,2600,3500.0,,1.0,Urban,Y,115.0,0,1,0,0,1,0,1,0,0,0,0,1,0,0,0,1,0,0,1
14,LP001046,,Male,Yes,1,Graduate,No,5955,5625.0,360.0,1.0,Urban,Y,315.0,0,1,0,0,1,0,0,1,0,0,0,1,0,1,0,0,0,0,1
15,LP001066,,Male,Yes,0,Graduate,Yes,9560,0.0,360.0,1.0,Semiurban,Y,191.0,0,1,0,0,1,0,1,0,0,0,0,1,0,0,1,0,0,1,0
16,LP001068,,Male,Yes,0,Graduate,No,2799,2253.0,360.0,1.0,Semiurban,Y,122.0,0,1,0,0,1,0,1,0,0,0,0,1,0,1,0,0,0,1,0
17,LP001073,,Male,Yes,2,Not Graduate,No,4226,1040.0,360.0,1.0,Urban,Y,110.0,0,1,0,0,1,0,0,0,1,0,0,0,1,1,0,0,0,0,1
18,LP001087,,Female,No,2,Graduate,,3750,2083.0,360.0,1.0,Semiurban,Y,120.0,1,0,0,1,0,0,0,0,1,0,0,1,0,0,0,1,0,1,0
19,LP001098,,Male,Yes,0,Graduate,No,3500,1667.0,360.0,1.0,Semiurban,Y,114.0,0,1,0,0,1,0,1,0,0,0,0,1,0,1,0,0,0,1,0
20,LP001106,,Male,Yes,0,Graduate,No,2275,2067.0,360.0,1.0,Urban,Y,,0,1,0,0,1,0,1,0,0,0,0,1,0,1,0,0,0,0,1
21,LP001112,,Female,Yes,0,Graduate,No,3667,1459.0,360.0,1.0,Semiurban,Y,144.0,1,0,0,0,1,0,1,0,0,0,0,1,0,1,0,0,0,1,0
22,LP001114,,Male,No,0,Graduate,No,4166,7210.0,360.0,1.0,Urban,Y,184.0,0,1,0,1,0,0,1,0,0,0,0,1,0,1,0,0,0,0,1
23,LP001116,,Male,No,0,Not Graduate,No,3748,1668.0,360.0,1.0,Semiurban,Y,110.0,0,1,0,1,0,0,1,0,0,0,0,0,1,1,0,0,0,1,0
24,LP001120,,Male,No,0,Graduate,No,1800,1213.0,360.0,1.0,Urban,Y,47.0,0,1,0,1,0,0,1,0,0,0,0,1,0,1,0,0,0,0,1
25,LP001123,,Male,Yes,0,Graduate,No,2400,0.0,360.0,,Urban,Y,75.0,0,1,0,0,1,0,1,0,0,0,0,1,0,1,0,0,0,0,1
26,LP001131,,Male,Yes,0,Graduate,No,3941,2336.0,360.0,1.0,Semiurban,Y,134.0,0,1,0,0,1,0,1,0,0,0,0,1,0,1,0,0,0,1,0
27,LP001136,,Male,Yes,0,Not Graduate,Yes,4695,0.0,,1.0,Urban,Y,96.0,0,1,0,0,1,0,1,0,0,0,0,0,1,0,1,0,0,0,1
28,LP001137,,Female,No,0,Graduate,No,3410,0.0,,1.0,Urban,Y,88.0,1,0,0,1,0,0,1,0,0,0,0,1,0,1,0,0,0,0,1
29,LP001138,,Male,Yes,1,Graduate,No,5649,0.0,360.0,1.0,Urban,Y,44.0,0,1,0,0,1,0,0,1,0,0,0,1,0,1,0,0,0,0,1
30,LP001144,,Male,Yes,0,Graduate,No,5821,0.0,360.0,1.0,Urban,Y,144.0,0,1,0,0,1,0,1,0,0,0,0,1,0,1,0,0,0,0,1
31,LP001151,,Female,No,0,Graduate,No,4000,2275.0,360.0,1.0,Semiurban,Y,144.0,1,0,0,1,0,0,1,0,0,0,0,1,0,1,0,0,0,1,0
32,LP001155,,Female,Yes,0,Not Graduate,No,1928,1644.0,360.0,1.0,Semiurban,Y,100.0,1,0,0,0,1,0,1,0,0,0,0,0,1,1,0,0,0,1,0
33,LP001157,,Female,No,0,Graduate,No,3086,0.0,360.0,1.0,Semiurban,Y,120.0,1,0,0,1,0,0,1,0,0,0,0,1,0,1,0,0,0,1,0
34,LP001194,,Male,Yes,2,Graduate,No,2708,1167.0,360.0,1.0,Semiurban,Y,97.0,0,1,0,0,1,0,0,0,1,0,0,1,0,1,0,0,0,1,0
35,LP001195,,Male,Yes,0,Graduate,No,2132,1591.0,360.0,1.0,Semiurban,Y,96.0,0,1,0,0,1,0,1,0,0,0,0,1,0,1,0,0,0,1,0
36,LP001198,,Male,Yes,1,Graduate,No,8080,2250.0,360.0,1.0,Urban,Y,180.0,0,1,0,0,1,0,0,1,0,0,0,1,0,1,0,0,0,0,1
37,LP001199,,Male,Yes,2,Not Graduate,No,3357,2859.0,360.0,1.0,Urban,Y,144.0,0,1,0,0,1,0,0,0,1,0,0,0,1,1,0,0,0,0,1
38,LP001205,,Male,Yes,0,Graduate,No,2500,3796.0,360.0,1.0,Urban,Y,120.0,0,1,0,0,1,0,1,0,0,0,0,1,0,1,0,0,0,0,1
39,LP001206,,Male,Yes,3+,Graduate,No,3029,0.0,360.0,1.0,Urban,Y,99.0,0,1,0,0,1,0,0,0,0,1,0,1,0,1,0,0,0,0,1
40,LP001233,,Male,Yes,1,Graduate,No,10750,0.0,360.0,1.0,Urban,Y,312.0,0,1,0,0,1,0,0,1,0,0,0,1,0,1,0,0,0,0,1
41,LP001238,,Male,Yes,3+,Not Graduate,Yes,7100,0.0,60.0,1.0,Urban,Y,125.0,0,1,0,0,1,0,0,0,0,1,0,0,1,0,1,0,0,0,1
42,LP001243,,Male,Yes,0,Graduate,No,3208,3066.0,360.0,1.0,Urban,Y,172.0,0,1,0,0,1,0,1,0,0,0,0,1,0,1,0,0,0,0,1
43,LP001245,,Male,Yes,2,Not Graduate,Yes,1875,1875.0,360.0,1.0,Semiurban,Y,97.0,0,1,0,0,1,0,0,0,1,0,0,0,1,0,1,0,0,1,0
44,LP001248,,Male,No,0,Graduate,No,3500,0.0,300.0,1.0,Semiurban,Y,81.0,0,1,0,1,0,0,1,0,0,0,0,1,0,1,0,0,0,1,0
45,LP001253,,Male,Yes,3+,Graduate,Yes,5266,1774.0,360.0,1.0,Semiurban,Y,187.0,0,1,0,0,1,0,0,0,0,1,0,1,0,0,1,0,0,1,0
46,LP001264,,Male,Yes,3+,Not Graduate,Yes,3333,2166.0,360.0,,Semiurban,Y,130.0,0,1,0,0,1,0,0,0,0,1,0,0,1,0,1,0,0,1,0
47,LP001265,,Female,No,0,Graduate,No,3846,0.0,360.0,1.0,Semiurban,Y,111.0,1,0,0,1,0,0,1,0,0,0,0,1,0,1,0,0,0,1,0
48,LP001266,,Male,Yes,1,Graduate,Yes,2395,0.0,360.0,1.0,Semiurban,Y,,0,1,0,0,1,0,0,1,0,0,0,1,0,0,1,0,0,1,0
49,LP001275,,Male,Yes,1,Graduate,No,3988,0.0,240.0,1.0,Urban,Y,50.0,0,1,0,0,1,0,0,1,0,0,0,1,0,1,0,0,0,0,1
50,LP001279,,Male,No,0,Graduate,No,2366,2531.0,360.0,1.0,Semiurban,Y,136.0,0,1,0,1,0,0,1,0,0,0,0,1,0,1,0,0,0,1,0
51,LP001280,,Male,Yes,2,Not Graduate,No,3333,2000.0,360.0,,Semiurban,Y,99.0,0,1,0,0,1,0,0,0,1,0,0,0,1,1,0,0,0,1,0
52,LP001282,,Male,Yes,0,Graduate,No,2500,2118.0,360.0,1.0,Semiurban,Y,104.0,0,1,0,0,1,0,1,0,0,0,0,1,0,1,0,0,0,1,0
53,LP001289,,Male,No,0,Graduate,No,8566,0.0,360.0,1.0,Urban,Y,210.0,0,1,0,1,0,0,1,0,0,0,0,1,0,1,0,0,0,0,1
54,LP001310,,Male,Yes,0,Graduate,No,5695,4167.0,360.0,1.0,Semiurban,Y,175.0,0,1,0,0,1,0,1,0,0,0,0,1,0,1,0,0,0,1,0
55,LP001316,,Male,Yes,0,Graduate,No,2958,2900.0,360.0,1.0,Semiurban,Y,131.0,0,1,0,0,1,0,1,0,0,0,0,1,0,1,0,0,0,1,0
56,LP001318,,Male,Yes,2,Graduate,No,6250,5654.0,180.0,1.0,Semiurban,Y,188.0,0,1,0,0,1,0,0,0,1,0,0,1,0,1,0,0,0,1,0
57,LP001319,,Male,Yes,2,Not Graduate,No,3273,1820.0,360.0,1.0,Urban,Y,81.0,0,1,0,0,1,0,0,0,1,0,0,0,1,1,0,0,0,0,1
58,LP001322,,Male,No,0,Graduate,No,4133,0.0,360.0,1.0,Semiurban,Y,122.0,0,1,0,1,0,0,1,0,0,0,0,1,0,1,0,0,0,1,0
59,LP001325,,Male,No,0,Not Graduate,No,3620,0.0,120.0,1.0,Semiurban,Y,25.0,0,1,0,1,0,0,1,0,0,0,0,0,1,1,0,0,0,1,0
60,LP001327,,Female,Yes,0,Graduate,No,2484,2302.0,360.0,1.0,Semiurban,Y,137.0,1,0,0,0,1,0,1,0,0,0,0,1,0,1,0,0,0,1,0
61,LP001333,,Male,Yes,0,Graduate,No,1977,997.0,360.0,1.0,Semiurban,Y,50.0,0,1,0,0,1,0,1,0,0,0,0,1,0,1,0,0,0,1,0
62,LP001334,,Male,Yes,0,Not Graduate,No,4188,0.0,180.0,1.0,Semiurban,Y,115.0,0,1,0,0,1,0,1,0,0,0,0,0,1,1,0,0,0,1,0
63,LP001343,,Male,Yes,0,Graduate,No,1759,3541.0,360.0,1.0,Semiurban,Y,131.0,0,1,0,0,1,0,1,0,0,0,0,1,0,1,0,0,0,1,0
64,LP001345,,Male,Yes,2,Not Graduate,No,4288,3263.0,180.0,1.0,Urban,Y,133.0,0,1,0,0,1,0,0,0,1,0,0,0,1,1,0,0,0,0,1
65,LP001349,,Male,No,0,Graduate,No,4843,3806.0,360.0,1.0,Semiurban,Y,151.0,0,1,0,1,0,0,1,0,0,0,0,1,0,1,0,0,0,1,0
66,LP001350,,Male,Yes,,Graduate,No,13650,0.0,360.0,1.0,Urban,Y,,0,1,0,0,1,0,0,0,0,0,1,1,0,1,0,0,0,0,1
67,LP001356,,Male,Yes,0,Graduate,No,4652,3583.0,360.0,1.0,Semiurban,Y,,0,1,0,0,1,0,1,0,0,0,0,1,0,1,0,0,0,1,0
68,LP001357,,Male,,,Graduate,No,3816,754.0,360.0,1.0,Urban,Y,160.0,0,1,0,0,0,1,0,0,0,0,1,1,0,1,0,0,0,0,1
69,LP001367,,Male,Yes,1,Graduate,No,3052,1030.0,360.0,1.0,Urban,Y,100.0,0,1,0,0,1,0,0,1,0,0,0,1,0,1,0,0,0,0,1
70,LP001369,,Male,Yes,2,Graduate,No,11417,1126.0,360.0,1.0,Urban,Y,225.0,0,1,0,0,1,0,0,0,1,0,0,1,0,1,0,0,0,0,1
71,LP001384,,Male,Yes,3+,Not Graduate,No,2071,754.0,480.0,1.0,Semiurban,Y,94.0,0,1,0,0,1,0,0,0,0,1,0,0,1,1,0,0,0,1,0
72,LP001385,,Male,No,0,Graduate,No,5316,0.0,360.0,1.0,Urban,Y,136.0,0,1,0,1,0,0,1,0,0,0,0,1,0,1,0,0,0,0,1
73,LP001387,,Female,Yes,0,Graduate,,2929,2333.0,360.0,1.0,Semiurban,Y,139.0,1,0,0,0,1,0,1,0,0,0,0,1,0,0,0,1,0,1,0
74,LP001392,,Female,No,1,Graduate,Yes,7451,0.0,360.0,1.0,Semiurban,Y,,1,0,0,1,0,0,0,1,0,0,0,1,0,0,1,0,0,1,0
75,LP001398,,Male,No,0,Graduate,,5050,0.0,360.0,1.0,Semiurban,Y,118.0,0,1,0,1,0,0,1,0,0,0,0,1,0,0,0,1,0,1,0
76,LP001401,,Male,Yes,1,Graduate,No,14583,0.0,180.0,1.0,Rural,Y,185.0,0,1,0,0,1,0,0,1,0,0,0,1,0,1,0,0,1,0,0
77,LP001404,,Female,Yes,0,Graduate,No,3167,2283.0,360.0,1.0,Semiurban,Y,154.0,1,0,0,0,1,0,1,0,0,0,0,1,0,1,0,0,0,1,0
78,LP001405,,Male,Yes,1,Graduate,No,2214,1398.0,360.0,,Urban,Y,85.0,0,1,0,0,1,0,0,1,0,0,0,1,0,1,0,0,0,0,1
79,LP001422,,Female,No,0,Graduate,No,10408,0.0,360.0,1.0,Urban,Y,259.0,1,0,0,1,0,0,1,0,0,0,0,1,0,1,0,0,0,0,1
80,LP001426,,Male,Yes,,Graduate,No,5667,2667.0,360.0,1.0,Rural,Y,180.0,0,1,0,0,1,0,0,0,0,0,1,1,0,1,0,0,1,0,0
81,LP001430,,Female,No,0,Graduate,No,4166,0.0,360.0,1.0,Semiurban,Y,44.0,1,0,0,1,0,0,1,0,0,0,0,1,0,1,0,0,0,1,0
82,LP001431,,Female,No,0,Graduate,No,2137,8980.0,360.0,0.0,Semiurban,Y,137.0,1,0,0,1,0,0,1,0,0,0,0,1,0,1,0,0,0,1,0
83,LP001432,,Male,Yes,2,Graduate,No,2957,0.0,360.0,1.0,Semiurban,Y,81.0,0,1,0,0,1,0,0,0,1,0,0,1,0,1,0,0,0,1,0
84,LP001439,,Male,Yes,0,Not Graduate,No,4300,2014.0,360.0,1.0,Rural,Y,194.0,0,1,0,0,1,0,1,0,0,0,0,0,1,1,0,0,1,0,0
85,LP001443,,Female,No,0,Graduate,No,3692,0.0,360.0,,Rural,Y,93.0,1,0,0,1,0,0,1,0,0,0,0,1,0,1,0,0,1,0,0
86,LP001448,,,Yes,3+,Graduate,No,23803,0.0,360.0,1.0,Rural,Y,370.0,0,0,1,0,1,0,0,0,0,1,0,1,0,1,0,0,1,0,0
87,LP001449,,Male,No,0,Graduate,No,3865,1640.0,360.0,1.0,Rural,Y,,0,1,0,1,0,0,1,0,0,0,0,1,0,1,0,0,1,0,0
88,LP001469,,Male,No,0,Graduate,Yes,20166,0.0,480.0,,Urban,Y,650.0,0,1,0,1,0,0,1,0,0,0,0,1,0,0,1,0,0,0,1
89,LP001473,,Male,No,0,Graduate,No,2014,1929.0,360.0,1.0,Urban,Y,74.0,0,1,0,1,0,0,1,0,0,0,0,1,0,1,0,0,0,0,1
90,LP001478,,Male,No,0,Graduate,No,2718,0.0,360.0,1.0,Semiurban,Y,70.0,0,1,0,1,0,0,1,0,0,0,0,1,0,1,0,0,0,1,0
91,LP001482,,Male,Yes,0,Graduate,Yes,3459,0.0,120.0,1.0,Semiurban,Y,25.0,0,1,0,0,1,0,1,0,0,0,0,1,0,0,1,0,0,1,0
92,LP001487,,Male,No,0,Graduate,No,4895,0.0,360.0,1.0,Semiurban,Y,102.0,0,1,0,1,0,0,1,0,0,0,0,1,0,1,0,0,0,1,0
93,LP001491,,Male,Yes,2,Graduate,Yes,3316,3500.0,360.0,1.0,Urban,Y,88.0,0,1,0,0,1,0,0,0,1,0,0,1,0,0,1,0,0,0,1
94,LP001498,,Male,No,0,Graduate,No,5417,0.0,360.0,1.0,Urban,Y,168.0,0,1,0,1,0,0,1,0,0,0,0,1,0,1,0,0,0,0,1
95,LP001504,,Male,No,0,Graduate,Yes,6950,0.0,180.0,1.0,Semiurban,Y,175.0,0,1,0,1,0,0,1,0,0,0,0,1,0,0,1,0,0,1,0
96,LP001507,,Male,Yes,0,Graduate,No,2698,2034.0,360.0,1.0,Semiurban,Y,122.0,0,1,0,0,1,0,1,0,0,0,0,1,0,1,0,0,0,1,0
97,LP001508,,Male,Yes,2,Graduate,No,11757,0.0,180.0,1.0,Urban,Y,187.0,0,1,0,0,1,0,0,0,1,0,0,1,0,1,0,0,0,0,1
98,LP001514,,Female,Yes,0,Graduate,No,2330,4486.0,360.0,1.0,Semiurban,Y,100.0,1,0,0,0,1,0,1,0,0,0,0,1,0,1,0,0,0,1,0
99,LP001516,,Female,Yes,2,Graduate,No,14866,0.0,360.0,1.0,Urban,Y,70.0,1,0,0,0,1,0,0,0,1,0,0,1,0,1,0,0,0,0,1
100,LP001518,,Male,Yes,1,Graduate,No,1538,1425.0,360.0,1.0,Urban,Y,30.0,0,1,0,0,1,0,0,1,0,0,0,1,0,1,0,0,0,0,1
101,LP001520,,Male,Yes,0,Graduate,No,4860,830.0,360.0,1.0,Semiurban,Y,125.0,0,1,0,0,1,0,1,0,0,0,0,1,0,1,0,0,0,1,0
102,LP001529,,Male,Yes,0,Graduate,Yes,2577,3750.0,360.0,1.0,Rural,Y,152.0,0,1,0,0,1,0,1,0,0,0,0,1,0,0,1,0,1,0,0
103,LP001535,,Male,No,0,Graduate,No,3254,0.0,360.0,1.0,Urban,Y,50.0,0,1,0,1,0,0,1,0,0,0,0,1,0,1,0,0,0,0,1
104,LP001536,,Male,Yes,3+,Graduate,No,39999,0.0,180.0,0.0,Semiurban,Y,600.0,0,1,0,0,1,0,0,0,0,1,0,1,0,1,0,0,0,1,0
105,LP001541,,Male,Yes,1,Graduate,No,6000,0.0,360.0,,Rural,Y,160.0,0,1,0,0,1,0,0,1,0,0,0,1,0,1,0,0,1,0,0
106,LP001543,,Male,Yes,1,Graduate,No,9538,0.0,360.0,1.0,Urban,Y,187.0,0,1,0,0,1,0,0,1,0,0,0,1,0,1,0,0,0,0,1
107,LP001546,,Male,No,0,Graduate,,2980,2083.0,360.0,1.0,Rural,Y,120.0,0,1,0,1,0,0,1,0,0,0,0,1,0,0,0,1,1,0,0
108,LP001552,,Male,Yes,0,Graduate,No,4583,5625.0,360.0,1.0,Semiurban,Y,255.0,0,1,0,0,1,0,1,0,0,0,0,1,0,1,0,0,0,1,0
109,LP001560,,Male,Yes,0,Not Graduate,No,1863,1041.0,360.0,1.0,Semiurban,Y,98.0,0,1,0,0,1,0,1,0,0,0,0,0,1,1,0,0,0,1,0
110,LP001570,,Male,Yes,2,Graduate,No,4167,1447.0,360.0,1.0,Rural,Y,158.0,0,1,0,0,1,0,0,0,1,0,0,1,0,1,0,0,1,0,0
111,LP001572,,Male,Yes,0,Graduate,No,9323,0.0,180.0,1.0,Urban,Y,75.0,0,1,0,0,1,0,1,0,0,0,0,1,0,1,0,0,0,0,1
112,LP001574,,Male,Yes,0,Graduate,No,3707,3166.0,,1.0,Rural,Y,182.0,0,1,0,0,1,0,1,0,0,0,0,1,0,1,0,0,1,0,0
113,LP001578,,Male,Yes,0,Graduate,No,2439,3333.0,360.0,1.0,Rural,Y,129.0,0,1,0,0,1,0,1,0,0,0,0,1,0,1,0,0,1,0,0
114,LP001580,,Male,Yes,2,Graduate,No,8000,0.0,360.0,1.0,Semiurban,Y,200.0,0,1,0,0,1,0,0,0,1,0,0,1,0,1,0,0,0,1,0
115,LP001581,,Male,Yes,0,Not Graduate,,1820,1769.0,360.0,1.0,Rural,Y,95.0,0,1,0,0,1,0,1,0,0,0,0,0,1,0,0,1,1,0,0
116,LP001585,,,Yes,3+,Graduate,No,51763,0.0,300.0,1.0,Urban,Y,700.0,0,0,1,0,1,0,0,0,0,1,0,1,0,1,0,0,0,0,1
117,LP001594,,Male,Yes,0,Graduate,No,5708,5625.0,360.0,1.0,Semiurban,Y,187.0,0,1,0,0,1,0,1,0,0,0,0,1,0,1,0,0,0,1,0
118,LP001606,,Male,Yes,0,Graduate,No,3497,1964.0,360.0,1.0,Rural,Y,116.0,0,1,0,0,1,0,1,0,0,0,0,1,0,1,0,0,1,0,0
119,LP001608,,Male,Yes,2,Graduate,No,2045,1619.0,360.0,1.0,Rural,Y,101.0,0,1,0,0,1,0,0,0,1,0,0,1,0,1,0,0,1,0,0
120,LP001616,,Male,Yes,1,Graduate,No,3750,0.0,360.0,1.0,Semiurban,Y,116.0,0,1,0,0,1,0,0,1,0,0,0,1,0,1,0,0,0,1,0
121,LP001636,,Male,Yes,0,Graduate,No,4600,0.0,180.0,1.0,Semiurban,Y,73.0,0,1,0,0,1,0,1,0,0,0,0,1,0,1,0,0,0,1,0
122,LP001639,,Female,Yes,0,Graduate,No,3625,0.0,360.0,1.0,Semiurban,Y,108.0,1,0,0,0,1,0,1,0,0,0,0,1,0,1,0,0,0,1,0
123,LP001640,,Male,Yes,0,Graduate,Yes,39147,4750.0,360.0,1.0,Semiurban,Y,120.0,0,1,0,0,1,0,1,0,0,0,0,1,0,0,1,0,0,1,0
124,LP001643,,Male,Yes,0,Graduate,No,2383,2138.0,360.0,,Rural,Y,58.0,0,1,0,0,1,0,1,0,0,0,0,1,0,1,0,0,1,0,0
125,LP001644,,,Yes,0,Graduate,Yes,674,5296.0,360.0,1.0,Rural,Y,168.0,0,0,1,0,1,0,1,0,0,0,0,1,0,0,1,0,1,0,0
126,LP001647,,Male,Yes,0,Graduate,No,9328,0.0,180.0,1.0,Rural,Y,188.0,0,1,0,0,1,0,1,0,0,0,0,1,0,1,0,0,1,0,0
127,LP001653,,Male,No,0,Not Graduate,No,4885,0.0,360.0,1.0,Rural,Y,48.0,0,1,0,1,0,0,1,0,0,0,0,0,1,1,0,0,1,0,0
128,LP001658,,Male,No,0,Graduate,No,3858,0.0,360.0,1.0,Semiurban,Y,76.0,0,1,0,1,0,0,1,0,0,0,0,1,0,1,0,0,0,1,0
129,LP001664,,Male,No,0,Graduate,No,4191,0.0,360.0,1.0,Rural,Y,120.0,0,1,0,1,0,0,1,0,0,0,0,1,0,1,0,0,1,0,0
130,LP001666,,Male,No,0,Graduate,No,8333,3750.0,360.0,1.0,Rural,Y,187.0,0,1,0,1,0,0,1,0,0,0,0,1,0,1,0,0,1,0,0
131,LP001669,,Female,No,0,Not Graduate,No,1907,2365.0,,1.0,Urban,Y,120.0,1,0,0,1,0,0,1,0,0,0,0,0,1,1,0,0,0,0,1
132,LP001671,,Female,Yes,0,Graduate,No,3416,2816.0,360.0,,Semiurban,Y,113.0,1,0,0,0,1,0,1,0,0,0,0,1,0,1,0,0,0,1,0
133,LP001674,,Male,Yes,1,Not Graduate,No,2600,2500.0,360.0,1.0,Semiurban,Y,90.0,0,1,0,0,1,0,0,1,0,0,0,0,1,1,0,0,0,1,0
134,LP001677,,Male,No,2,Graduate,No,4923,0.0,360.0,0.0,Semiurban,Y,166.0,0,1,0,1,0,0,0,0,1,0,0,1,0,1,0,0,0,1,0
135,LP001688,,Male,Yes,1,Not Graduate,No,3500,1083.0,360.0,1.0,Urban,Y,135.0,0,1,0,0,1,0,0,1,0,0,0,0,1,1,0,0,0,0,1
136,LP001691,,Male,Yes,2,Not Graduate,No,3917,0.0,360.0,1.0,Semiurban,Y,124.0,0,1,0,0,1,0,0,0,1,0,0,0,1,1,0,0,0,1,0
137,LP001692,,Female,No,0,Not Graduate,No,4408,0.0,360.0,1.0,Semiurban,Y,120.0,1,0,0,1,0,0,1,0,0,0,0,0,1,1,0,0,0,1,0
138,LP001693,,Female,No,0,Graduate,No,3244,0.0,360.0,1.0,Urban,Y,80.0,1,0,0,1,0,0,1,0,0,0,0,1,0,1,0,0,0,0,1
139,LP001698,,Male,No,0,Not Graduate,No,3975,2531.0,360.0,1.0,Rural,Y,55.0,0,1,0,1,0,0,1,0,0,0,0,0,1,1,0,0,1,0,0
140,LP001699,,Male,No,0,Graduate,No,2479,0.0,360.0,1.0,Urban,Y,59.0,0,1,0,1,0,0,1,0,0,0,0,1,0,1,0,0,0,0,1
141,LP001713,,Male,Yes,1,Graduate,Yes,7787,0.0,360.0,1.0,Urban,Y,240.0,0,1,0,0,1,0,0,1,0,0,0,1,0,0,1,0,0,0,1
142,LP001715,,Male,Yes,3+,Not Graduate,Yes,5703,0.0,360.0,1.0,Rural,Y,130.0,0,1,0,0,1,0,0,0,0,1,0,0,1,0,1,0,1,0,0
143,LP001716,,Male,Yes,0,Graduate,No,3173,3021.0,360.0,1.0,Urban,Y,137.0,0,1,0,0,1,0,1,0,0,0,0,1,0,1,0,0,0,0,1
144,LP001720,,Male,Yes,3+,Not Graduate,No,3850,983.0,360.0,1.0,Semiurban,Y,100.0,0,1,0,0,1,0,0,0,0,1,0,0,1,1,0,0,0,1,0
145,LP001726,,Male,Yes,0,Graduate,No,3727,1775.0,360.0,1.0,Semiurban,Y,131.0,0,1,0,0,1,0,1,0,0,0,0,1,0,1,0,0,0,1,0
146,LP001734,,Female,Yes,2,Graduate,No,4283,2383.0,360.0,,Semiurban,Y,127.0,1,0,0,0,1,0,0,0,1,0,0,1,0,1,0,0,0,1,0
147,LP001743,,Male,Yes,2,Graduate,No,4009,1717.0,360.0,1.0,Semiurban,Y,116.0,0,1,0,0,1,0,0,0,1,0,0,1,0,1,0,0,0,1,0
148,LP001744,,Male,No,0,Graduate,No,2971,2791.0,360.0,1.0,Semiurban,Y,144.0,0,1,0,1,0,0,1,0,0,0,0,1,0,1,0,0,0,1,0
149,LP001749,,Male,Yes,0,Graduate,No,7578,1010.0,,1.0,Semiurban,Y,175.0,0,1,0,0,1,0,1,0,0,0,0,1,0,1,0,0,0,1,0
150,LP001750,,Male,Yes,0,Graduate,No,6250,0.0,360.0,1.0,Semiurban,Y,128.0,0,1,0,0,1,0,1,0,0,0,0,1,0,1,0,0,0,1,0
151,LP001758,,Male,Yes,2,Graduate,No,6250,1695.0,360.0,1.0,Semiurban,Y,210.0,0,1,0,0,1,0,0,0,1,0,0,1,0,1,0,0,0,1,0
152,LP001760,,Male,,,Graduate,No,4758,0.0,480.0,1.0,Semiurban,Y,158.0,0,1,0,0,0,1,0,0,0,0,1,1,0,1,0,0,0,1,0
153,LP001761,,Male,No,0,Graduate,Yes,6400,0.0,360.0,1.0,Rural,Y,200.0,0,1,0,1,0,0,1,0,0,0,0,1,0,0,1,0,1,0,0
154,LP001765,,Male,Yes,1,Graduate,No,2491,2054.0,360.0,1.0,Semiurban,Y,104.0,0,1,0,0,1,0,0,1,0,0,0,1,0,1,0,0,0,1,0
155,LP001768,,Male,Yes,0,Graduate,,3716,0.0,180.0,1.0,Rural,Y,42.0,0,1,0,0,1,0,1,0,0,0,0,1,0,0,0,1,1,0,0
156,LP001770,,Male,No,0,Not Graduate,No,3189,2598.0,,1.0,Rural,Y,120.0,0,1,0,1,0,0,1,0,0,0,0,0,1,1,0,0,1,0,0
157,LP001776,,Female,No,0,Graduate,No,8333,0.0,360.0,1.0,Semiurban,Y,280.0,1,0,0,1,0,0,1,0,0,0,0,1,0,1,0,0,0,1,0
158,LP001778,,Male,Yes,1,Graduate,No,3155,1779.0,360.0,1.0,Semiurban,Y,140.0,0,1,0,0,1,0,0,1,0,0,0,1,0,1,0,0,0,1,0
159,LP001784,,Male,Yes,1,Graduate,No,5500,1260.0,360.0,1.0,Rural,Y,170.0,0,1,0,0,1,0,0,1,0,0,0,1,0,1,0,0,1,0,0
160,LP001788,,Female,No,0,Graduate,Yes,3463,0.0,360.0,,Urban,Y,122.0,1,0,0,1,0,0,1,0,0,0,0,1,0,0,1,0,0,0,1
161,LP001790,,Female,No,1,Graduate,No,3812,0.0,360.0,1.0,Rural,Y,112.0,1,0,0,1,0,0,0,1,0,0,0,1,0,1,0,0,1,0,0
162,LP001792,,Male,Yes,1,Graduate,No,3315,0.0,360.0,1.0,Semiurban,Y,96.0,0,1,0,0,1,0,0,1,0,0,0,1,0,1,0,0,0,1,0
163,LP001798,,Male,Yes,2,Graduate,No,5819,5000.0,360.0,1.0,Rural,Y,120.0,0,1,0,0,1,0,0,0,1,0,0,1,0,1,0,0,1,0,0
164,LP001806,,Male,No,0,Graduate,No,2965,5701.0,60.0,1.0,Urban,Y,155.0,0,1,0,1,0,0,1,0,0,0,0,1,0,1,0,0,0,0,1
165,LP001807,,Male,Yes,2,Graduate,Yes,6250,1300.0,360.0,1.0,Rural,Y,108.0,0,1,0,0,1,0,0,0,1,0,0,1,0,0,1,0,1,0,0
166,LP001811,,Male,Yes,0,Not Graduate,No,3406,4417.0,360.0,1.0,Semiurban,Y,123.0,0,1,0,0,1,0,1,0,0,0,0,0,1,1,0,0,0,1,0
167,LP001814,,Male,Yes,2,Graduate,No,9703,0.0,360.0,1.0,Urban,Y,112.0,0,1,0,0,1,0,0,0,1,0,0,1,0,1,0,0,0,0,1
168,LP001819,,Male,Yes,1,Not Graduate,No,6608,0.0,180.0,1.0,Urban,Y,137.0,0,1,0,0,1,0,0,1,0,0,0,0,1,1,0,0,0,0,1
169,LP001824,,Male,Yes,1,Graduate,No,2882,1843.0,480.0,1.0,Semiurban,Y,123.0,0,1,0,0,1,0,0,1,0,0,0,1,0,1,0,0,0,1,0
170,LP001825,,Male,Yes,0,Graduate,No,1809,1868.0,360.0,1.0,Urban,Y,90.0,0,1,0,0,1,0,1,0,0,0,0,1,0,1,0,0,0,0,1
171,LP001841,,Male,No,0,Not Graduate,Yes,2583,2167.0,360.0,1.0,Rural,Y,104.0,0,1,0,1,0,0,1,0,0,0,0,0,1,0,1,0,1,0,0
172,LP001843,,Male,Yes,1,Not Graduate,No,2661,7101.0,180.0,1.0,Semiurban,Y,279.0,0,1,0,0,1,0,0,1,0,0,0,0,1,1,0,0,0,1,0
173,LP001846,,Female,No,3+,Graduate,No,3083,0.0,360.0,1.0,Rural,Y,255.0,1,0,0,1,0,0,0,0,0,1,0,1,0,1,0,0,1,0,0
174,LP001865,,Male,Yes,1,Graduate,No,6083,4250.0,360.0,,Urban,Y,330.0,0,1,0,0,1,0,0,1,0,0,0,1,0,1,0,0,0,0,1
175,LP001868,,Male,No,0,Graduate,No,2060,2209.0,360.0,1.0,Semiurban,Y,134.0,0,1,0,1,0,0,1,0,0,0,0,1,0,1,0,0,0,1,0
176,LP001871,,Female,No,0,Graduate,No,7200,0.0,360.0,1.0,Rural,Y,120.0,1,0,0,1,0,0,1,0,0,0,0,1,0,1,0,0,1,0,0
177,LP001872,,Male,No,0,Graduate,Yes,5166,0.0,360.0,1.0,Semiurban,Y,128.0,0,1,0,1,0,0,1,0,0,0,0,1,0,0,1,0,0,1,0
178,LP001875,,Male,No,0,Graduate,No,4095,3447.0,360.0,1.0,Rural,Y,151.0,0,1,0,1,0,0,1,0,0,0,0,1,0,1,0,0,1,0,0
179,LP001877,,Male,Yes,2,Graduate,No,4708,1387.0,360.0,1.0,Semiurban,Y,150.0,0,1,0,0,1,0,0,0,1,0,0,1,0,1,0,0,0,1,0
180,LP001882,,Male,Yes,3+,Graduate,No,4333,1811.0,360.0,0.0,Urban,Y,160.0,0,1,0,0,1,0,0,0,0,1,0,1,0,1,0,0,0,0,1
181,LP001884,,Female,No,1,Graduate,No,2876,1560.0,360.0,1.0,Urban,Y,90.0,1,0,0,1,0,0,0,1,0,0,0,1,0,1,0,0,0,0,1
182,LP001888,,Female,No,0,Graduate,No,3237,0.0,360.0,1.0,Urban,Y,30.0,1,0,0,1,0,0,1,0,0,0,0,1,0,1,0,0,0,0,1
183,LP001891,,Male,Yes,0,Graduate,No,11146,0.0,360.0,1.0,Urban,Y,136.0,0,1,0,0,1,0,1,0,0,0,0,1,0,1,0,0,0,0,1
184,LP001892,,Male,No,0,Graduate,No,2833,1857.0,360.0,1.0,Rural,Y,126.0,0,1,0,1,0,0,1,0,0,0,0,1,0,1,0,0,1,0,0
185,LP001894,,Male,Yes,0,Graduate,No,2620,2223.0,360.0,1.0,Semiurban,Y,150.0,0,1,0,0,1,0,1,0,0,0,0,1,0,1,0,0,0,1,0
186,LP001896,,Male,Yes,2,Graduate,No,3900,0.0,360.0,1.0,Semiurban,Y,90.0,0,1,0,0,1,0,0,0,1,0,0,1,0,1,0,0,0,1,0
187,LP001900,,Male,Yes,1,Graduate,No,2750,1842.0,360.0,1.0,Semiurban,Y,115.0,0,1,0,0,1,0,0,1,0,0,0,1,0,1,0,0,0,1,0
188,LP001903,,Male,Yes,0,Graduate,No,3993,3274.0,360.0,1.0,Semiurban,Y,207.0,0,1,0,0,1,0,1,0,0,0,0,1,0,1,0,0,0,1,0
189,LP001904,,Male,Yes,0,Graduate,No,3103,1300.0,360.0,1.0,Urban,Y,80.0,0,1,0,0,1,0,1,0,0,0,0,1,0,1,0,0,0,0,1
190,LP001907,,Male,Yes,0,Graduate,No,14583,0.0,360.0,1.0,Semiurban,Y,436.0,0,1,0,0,1,0,1,0,0,0,0,1,0,1,0,0,0,1,0
191,LP001908,,Female,Yes,0,Not Graduate,No,4100,0.0,360.0,,Rural,Y,124.0,1,0,0,0,1,0,1,0,0,0,0,0,1,1,0,0,1,0,0
192,LP001914,,Male,Yes,0,Graduate,No,3927,800.0,360.0,1.0,Semiurban,Y,112.0,0,1,0,0,1,0,1,0,0,0,0,1,0,1,0,0,0,1,0
193,LP001915,,Male,Yes,2,Graduate,No,2301,985.7999877999998,180.0,1.0,Urban,Y,78.0,0,1,0,0,1,0,0,0,1,0,0,1,0,1,0,0,0,0,1
194,LP001917,,Female,No,0,Graduate,No,1811,1666.0,360.0,1.0,Urban,Y,54.0,1,0,0,1,0,0,1,0,0,0,0,1,0,1,0,0,0,0,1
195,LP001924,,Male,No,0,Graduate,No,3158,3053.0,360.0,1.0,Rural,Y,89.0,0,1,0,1,0,0,1,0,0,0,0,1,0,1,0,0,1,0,0
196,LP001926,,Male,Yes,0,Graduate,No,3704,2000.0,360.0,1.0,Rural,Y,120.0,0,1,0,0,1,0,1,0,0,0,0,1,0,1,0,0,1,0,0
197,LP001931,,Female,No,0,Graduate,No,4124,0.0,360.0,1.0,Semiurban,Y,115.0,1,0,0,1,0,0,1,0,0,0,0,1,0,1,0,0,0,1,0
198,LP001935,,Male,No,0,Graduate,No,9508,0.0,360.0,1.0,Rural,Y,187.0,0,1,0,1,0,0,1,0,0,0,0,1,0,1,0,0,1,0,0
199,LP001936,,Male,Yes,0,Graduate,No,3075,2416.0,360.0,1.0,Rural,Y,139.0,0,1,0,0,1,0,1,0,0,0,0,1,0,1,0,0,1,0,0
200,LP001940,,Male,Yes,2,Graduate,No,3153,1560.0,360.0,1.0,Urban,Y,134.0,0,1,0,0,1,0,0,0,1,0,0,1,0,1,0,0,0,0,1
201,LP001947,,Male,Yes,0,Graduate,No,2383,3334.0,360.0,1.0,Semiurban,Y,172.0,0,1,0,0,1,0,1,0,0,0,0,1,0,1,0,0,0,1,0
202,LP001949,,Male,Yes,3+,Graduate,,4416,1250.0,360.0,1.0,Urban,Y,110.0,0,1,0,0,1,0,0,0,0,1,0,1,0,0,0,1,0,0,1
203,LP001953,,Male,Yes,1,Graduate,No,6875,0.0,360.0,1.0,Semiurban,Y,200.0,0,1,0,0,1,0,0,1,0,0,0,1,0,1,0,0,0,1,0
204,LP001954,,Female,Yes,1,Graduate,No,4666,0.0,360.0,1.0,Urban,Y,135.0,1,0,0,0,1,0,0,1,0,0,0,1,0,1,0,0,0,0,1
205,LP001972,,Male,Yes,,Not Graduate,No,2875,1750.0,360.0,1.0,Semiurban,Y,105.0,0,1,0,0,1,0,0,0,0,0,1,0,1,1,0,0,0,1,0
206,LP001974,,Female,No,0,Graduate,No,5000,0.0,360.0,1.0,Rural,Y,132.0,1,0,0,1,0,0,1,0,0,0,0,1,0,1,0,0,1,0,0
207,LP001977,,Male,Yes,1,Graduate,No,1625,1803.0,360.0,1.0,Urban,Y,96.0,0,1,0,0,1,0,0,1,0,0,0,1,0,1,0,0,0,0,1
208,LP001978,,Male,No,0,Graduate,No,4000,2500.0,360.0,1.0,Rural,Y,140.0,0,1,0,1,0,0,1,0,0,0,0,1,0,1,0,0,1,0,0
209,LP001993,,Female,No,0,Graduate,No,3762,1666.0,360.0,1.0,Rural,Y,135.0,1,0,0,1,0,0,1,0,0,0,0,1,0,1,0,0,1,0,0
210,LP001998,,Male,Yes,2,Not Graduate,No,7667,0.0,360.0,,Rural,Y,185.0,0,1,0,0,1,0,0,0,1,0,0,0,1,1,0,0,1,0,0
211,LP002002,,Female,No,0,Graduate,No,2917,0.0,360.0,1.0,Semiurban,Y,84.0,1,0,0,1,0,0,1,0,0,0,0,1,0,1,0,0,0,1,0
212,LP002004,,Male,No,0,Not Graduate,No,2927,2405.0,360.0,1.0,Semiurban,Y,111.0,0,1,0,1,0,0,1,0,0,0,0,0,1,1,0,0,0,1,0
213,LP002006,,Female,No,0,Graduate,No,2507,0.0,360.0,1.0,Rural,Y,56.0,1,0,0,1,0,0,1,0,0,0,0,1,0,1,0,0,1,0,0
214,LP002008,,Male,Yes,2,Graduate,Yes,5746,0.0,84.0,,Rural,Y,144.0,0,1,0,0,1,0,0,0,1,0,0,1,0,0,1,0,1,0,0
215,LP002031,,Male,Yes,1,Not Graduate,No,3399,1640.0,180.0,1.0,Urban,Y,111.0,0,1,0,0,1,0,0,1,0,0,0,0,1,1,0,0,0,0,1
216,LP002035,,Male,Yes,2,Graduate,No,3717,0.0,360.0,1.0,Semiurban,Y,120.0,0,1,0,0,1,0,0,0,1,0,0,1,0,1,0,0,0,1,0
217,LP002036,,Male,Yes,0,Graduate,No,2058,2134.0,360.0,,Urban,Y,88.0,0,1,0,0,1,0,1,0,0,0,0,1,0,1,0,0,0,0,1
218,LP002043,,Female,No,1,Graduate,No,3541,0.0,360.0,,Semiurban,Y,112.0,1,0,0,1,0,0,0,1,0,0,0,1,0,1,0,0,0,1,0
219,LP002051,,Male,Yes,0,Graduate,No,2400,2167.0,360.0,1.0,Semiurban,Y,115.0,0,1,0,0,1,0,1,0,0,0,0,1,0,1,0,0,0,1,0
220,LP002053,,Male,Yes,3+,Graduate,No,4342,189.0,360.0,1.0,Semiurban,Y,124.0,0,1,0,0,1,0,0,0,0,1,0,1,0,1,0,0,0,1,0
221,LP002054,,Male,Yes,2,Not Graduate,No,3601,1590.0,360.0,1.0,Rural,Y,,0,1,0,0,1,0,0,0,1,0,0,0,1,1,0,0,1,0,0
222,LP002055,,Female,No,0,Graduate,No,3166,2985.0,360.0,,Rural,Y,132.0,1,0,0,1,0,0,1,0,0,0,0,1,0,1,0,0,1,0,0
223,LP002065,,Male,Yes,3+,Graduate,No,15000,0.0,360.0,1.0,Rural,Y,300.0,0,1,0,0,1,0,0,0,0,1,0,1,0,1,0,0,1,0,0
224,LP002068,,Male,No,0,Graduate,No,4917,0.0,360.0,0.0,Rural,Y,130.0,0,1,0,1,0,0,1,0,0,0,0,1,0,1,0,0,1,0,0
225,LP002082,,Male,Yes,0,Graduate,Yes,5818,2160.0,360.0,1.0,Semiurban,Y,184.0,0,1,0,0,1,0,1,0,0,0,0,1,0,0,1,0,0,1,0
226,LP002087,,Female,No,0,Graduate,No,2500,0.0,360.0,1.0,Urban,Y,67.0,1,0,0,1,0,0,1,0,0,0,0,1,0,1,0,0,0,0,1
227,LP002097,,Male,No,1,Graduate,No,4384,1793.0,360.0,1.0,Urban,Y,117.0,0,1,0,1,0,0,0,1,0,0,0,1,0,1,0,0,0,0,1
228,LP002098,,Male,No,0,Graduate,No,2935,0.0,360.0,1.0,Semiurban,Y,98.0,0,1,0,1,0,0,1,0,0,0,0,1,0,1,0,0,0,1,0
229,LP002100,,Male,No,,Graduate,No,2833,0.0,360.0,1.0,Urban,Y,71.0,0,1,0,1,0,0,0,0,0,0,1,1,0,1,0,0,0,0,1
230,LP002101,,Male,Yes,0,Graduate,,63337,0.0,180.0,1.0,Urban,Y,490.0,0,1,0,0,1,0,1,0,0,0,0,1,0,0,0,1,0,0,1
231,LP002103,,,Yes,1,Graduate,Yes,9833,1833.0,180.0,1.0,Urban,Y,182.0,0,0,1,0,1,0,0,1,0,0,0,1,0,0,1,0,0,0,1
232,LP002106,,Male,Yes,,Graduate,Yes,5503,4490.0,,1.0,Semiurban,Y,70.0,0,1,0,0,1,0,0,0,0,0,1,1,0,0,1,0,0,1,0
233,LP002110,,Male,Yes,1,Graduate,,5250,688.0,360.0,1.0,Rural,Y,160.0,0,1,0,0,1,0,0,1,0,0,0,1,0,0,0,1,1,0,0
234,LP002112,,Male,Yes,2,Graduate,Yes,2500,4600.0,360.0,1.0,Rural,Y,176.0,0,1,0,0,1,0,0,0,1,0,0,1,0,0,1,0,1,0,0
235,LP002114,,Female,No,0,Graduate,No,4160,0.0,360.0,1.0,Semiurban,Y,71.0,1,0,0,1,0,0,1,0,0,0,0,1,0,1,0,0,0,1,0
236,LP002119,,Male,Yes,1,Not Graduate,No,4554,1229.0,360.0,1.0,Urban,Y,158.0,0,1,0,0,1,0,0,1,0,0,0,0,1,1,0,0,0,0,1
237,LP002126,,Male,Yes,3+,Not Graduate,No,3173,0.0,360.0,1.0,Semiurban,Y,74.0,0,1,0,0,1,0,0,0,0,1,0,0,1,1,0,0,0,1,0
238,LP002128,,Male,Yes,2,Graduate,,2583,2330.0,360.0,1.0,Rural,Y,125.0,0,1,0,0,1,0,0,0,1,0,0,1,0,0,0,1,1,0,0
239,LP002129,,Male,Yes,0,Graduate,No,2499,2458.0,360.0,1.0,Semiurban,Y,160.0,0,1,0,0,1,0,1,0,0,0,0,1,0,1,0,0,0,1,0
240,LP002131,,Male,Yes,2,Not Graduate,No,3083,2168.0,360.0,1.0,Urban,Y,126.0,0,1,0,0,1,0,0,0,1,0,0,0,1,1,0,0,0,0,1
241,LP002137,,Male,Yes,0,Graduate,No,6333,4583.0,360.0,,Semiurban,Y,259.0,0,1,0,0,1,0,1,0,0,0,0,1,0,1,0,0,0,1,0
242,LP002138,,Male,Yes,0,Graduate,No,2625,6250.0,360.0,1.0,Rural,Y,187.0,0,1,0,0,1,0,1,0,0,0,0,1,0,1,0,0,1,0,0
243,LP002139,,Male,Yes,0,Graduate,No,9083,0.0,360.0,1.0,Semiurban,Y,228.0,0,1,0,0,1,0,1,0,0,0,0,1,0,1,0,0,0,1,0
244,LP002141,,Male,Yes,3+,Graduate,No,2666,2083.0,360.0,1.0,Rural,Y,95.0,0,1,0,0,1,0,0,0,0,1,0,1,0,1,0,0,1,0,0
245,LP002143,,Female,Yes,0,Graduate,No,2423,505.0,360.0,1.0,Semiurban,Y,130.0,1,0,0,0,1,0,1,0,0,0,0,1,0,1,0,0,0,1,0
246,LP002144,,Female,No,,Graduate,No,3813,0.0,180.0,1.0,Urban,Y,116.0,1,0,0,1,0,0,0,0,0,0,1,1,0,1,0,0,0,0,1
247,LP002149,,Male,Yes,2,Graduate,No,8333,3167.0,360.0,1.0,Rural,Y,165.0,0,1,0,0,1,0,0,0,1,0,0,1,0,1,0,0,1,0,0
248,LP002160,,Male,Yes,3+,Graduate,No,5167,3167.0,360.0,1.0,Semiurban,Y,200.0,0,1,0,0,1,0,0,0,0,1,0,1,0,1,0,0,0,1,0
249,LP002170,,Male,Yes,2,Graduate,No,5000,3667.0,360.0,1.0,Semiurban,Y,236.0,0,1,0,0,1,0,0,0,1,0,0,1,0,1,0,0,0,1,0
250,LP002175,,Male,Yes,0,Graduate,No,4750,2333.0,360.0,1.0,Urban,Y,130.0,0,1,0,0,1,0,1,0,0,0,0,1,0,1,0,0,0,0,1
251,LP002178,,Male,Yes,0,Graduate,No,3013,3033.0,300.0,,Urban,Y,95.0,0,1,0,0,1,0,1,0,0,0,0,1,0,1,0,0,0,0,1
252,LP002180,,Male,No,0,Graduate,Yes,6822,0.0,360.0,1.0,Rural,Y,141.0,0,1,0,1,0,0,1,0,0,0,0,1,0,0,1,0,1,0,0
253,LP002190,,Male,Yes,1,Graduate,No,6325,0.0,360.0,1.0,Semiurban,Y,175.0,0,1,0,0,1,0,0,1,0,0,0,1,0,1,0,0,0,1,0
254,LP002194,,Female,No,0,Graduate,Yes,15759,0.0,360.0,1.0,Semiurban,Y,55.0,1,0,0,1,0,0,1,0,0,0,0,1,0,0,1,0,0,1,0
255,LP002197,,Male,Yes,2,Graduate,No,5185,0.0,360.0,1.0,Semiurban,Y,155.0,0,1,0,0,1,0,0,0,1,0,0,1,0,1,0,0,0,1,0
256,LP002201,,Male,Yes,2,Graduate,Yes,9323,7873.0,300.0,1.0,Rural,Y,380.0,0,1,0,0,1,0,0,0,1,0,0,1,0,0,1,0,1,0,0
257,LP002209,,Female,No,0,Graduate,,2764,1459.0,360.0,1.0,Urban,Y,110.0,1,0,0,1,0,0,1,0,0,0,0,1,0,0,0,1,0,0,1
258,LP002211,,Male,Yes,0,Graduate,No,4817,923.0,180.0,1.0,Urban,Y,120.0,0,1,0,0,1,0,1,0,0,0,0,1,0,1,0,0,0,0,1
259,LP002219,,Male,Yes,3+,Graduate,No,8750,4996.0,360.0,1.0,Rural,Y,130.0,0,1,0,0,1,0,0,0,0,1,0,1,0,1,0,0,1,0,0
260,LP002223,,Male,Yes,0,Graduate,No,4310,0.0,360.0,,Semiurban,Y,130.0,0,1,0,0,1,0,1,0,0,0,0,1,0,1,0,0,0,1,0
261,LP002225,,Male,Yes,2,Graduate,No,5391,0.0,360.0,1.0,Urban,Y,130.0,0,1,0,0,1,0,0,0,1,0,0,1,0,1,0,0,0,0,1
262,LP002226,,Male,Yes,0,Graduate,,3333,2500.0,360.0,1.0,Semiurban,Y,128.0,0,1,0,0,1,0,1,0,0,0,0,1,0,0,0,1,0,1,0
263,LP002229,,Male,No,0,Graduate,No,5941,4232.0,360.0,1.0,Semiurban,Y,296.0,0,1,0,1,0,0,1,0,0,0,0,1,0,1,0,0,0,1,0
264,LP002231,,Female,No,0,Graduate,No,6000,0.0,360.0,1.0,Urban,Y,156.0,1,0,0,1,0,0,1,0,0,0,0,1,0,1,0,0,0,0,1
265,LP002234,,Male,No,0,Graduate,Yes,7167,0.0,360.0,1.0,Urban,Y,128.0,0,1,0,1,0,0,1,0,0,0,0,1,0,0,1,0,0,0,1
266,LP002237,,Male,No,1,Graduate,,3667,0.0,180.0,1.0,Urban,Y,113.0,0,1,0,1,0,0,0,1,0,0,0,1,0,0,0,1,0,0,1
267,LP002239,,Male,No,0,Not Graduate,No,2346,1600.0,360.0,1.0,Semiurban,Y,132.0,0,1,0,1,0,0,1,0,0,0,0,0,1,1,0,0,0,1,0
268,LP002244,,Male,Yes,0,Graduate,No,2333,2417.0,360.0,1.0,Urban,Y,136.0,0,1,0,0,1,0,1,0,0,0,0,1,0,1,0,0,0,0,1
269,LP002250,,Male,Yes,0,Graduate,No,5488,0.0,360.0,1.0,Rural,Y,125.0,0,1,0,0,1,0,1,0,0,0,0,1,0,1,0,0,1,0,0
270,LP002255,,Male,No,3+,Graduate,No,9167,0.0,360.0,1.0,Rural,Y,185.0,0,1,0,1,0,0,0,0,0,1,0,1,0,1,0,0,1,0,0
271,LP002262,,Male,Yes,3+,Graduate,No,9504,0.0,360.0,1.0,Rural,Y,275.0,0,1,0,0,1,0,0,0,0,1,0,1,0,1,0,0,1,0,0
272,LP002263,,Male,Yes,0,Graduate,No,2583,2115.0,360.0,,Urban,Y,120.0,0,1,0,0,1,0,1,0,0,0,0,1,0,1,0,0,0,0,1
273,LP002265,,Male,Yes,2,Not Graduate,No,1993,1625.0,180.0,1.0,Semiurban,Y,113.0,0,1,0,0,1,0,0,0,1,0,0,0,1,1,0,0,0,1,0
274,LP002266,,Male,Yes,2,Graduate,No,3100,1400.0,360.0,1.0,Urban,Y,113.0,0,1,0,0,1,0,0,0,1,0,0,1,0,1,0,0,0,0,1
275,LP002272,,Male,Yes,2,Graduate,No,3276,484.0,360.0,,Semiurban,Y,135.0,0,1,0,0,1,0,0,0,1,0,0,1,0,1,0,0,0,1,0
276,LP002281,,Male,Yes,0,Graduate,No,3033,1459.0,360.0,1.0,Urban,Y,95.0,0,1,0,0,1,0,1,0,0,0,0,1,0,1,0,0,0,0,1
277,LP002284,,Male,No,0,Not Graduate,No,3902,1666.0,360.0,1.0,Rural,Y,109.0,0,1,0,1,0,0,1,0,0,0,0,0,1,1,0,0,1,0,0
278,LP002297,,Male,No,0,Graduate,No,2500,20000.0,360.0,1.0,Semiurban,Y,103.0,0,1,0,1,0,0,1,0,0,0,0,1,0,1,0,0,0,1,0
279,LP002300,,Female,No,0,Not Graduate,No,1963,0.0,360.0,1.0,Semiurban,Y,53.0,1,0,0,1,0,0,1,0,0,0,0,0,1,1,0,0,0,1,0
280,LP002305,,Female,No,0,Graduate,No,4547,0.0,360.0,1.0,Semiurban,Y,115.0,1,0,0,1,0,0,1,0,0,0,0,1,0,1,0,0,0,1,0
281,LP002308,,Male,Yes,0,Not Graduate,No,2167,2400.0,360.0,1.0,Urban,Y,115.0,0,1,0,0,1,0,1,0,0,0,0,0,1,1,0,0,0,0,1
282,LP002314,,Female,No,0,Not Graduate,No,2213,0.0,360.0,1.0,Rural,Y,66.0,1,0,0,1,0,0,1,0,0,0,0,0,1,1,0,0,1,0,0
283,LP002319,,Male,Yes,0,Graduate,,6256,0.0,360.0,,Urban,Y,160.0,0,1,0,0,1,0,1,0,0,0,0,1,0,0,0,1,0,0,1
284,LP002332,,Male,Yes,0,Not Graduate,No,2253,2033.0,360.0,1.0,Rural,Y,110.0,0,1,0,0,1,0,1,0,0,0,0,0,1,1,0,0,1,0,0
285,LP002337,,Female,No,0,Graduate,No,2995,0.0,360.0,1.0,Urban,Y,60.0,1,0,0,1,0,0,1,0,0,0,0,1,0,1,0,0,0,0,1
286,LP002345,,Male,Yes,0,Graduate,No,1025,2773.0,360.0,1.0,Rural,Y,112.0,0,1,0,0,1,0,1,0,0,0,0,1,0,1,0,0,1,0,0
287,LP002347,,Male,Yes,0,Graduate,No,3246,1417.0,360.0,1.0,Semiurban,Y,138.0,0,1,0,0,1,0,1,0,0,0,0,1,0,1,0,0,0,1,0
288,LP002348,,Male,Yes,0,Graduate,No,5829,0.0,360.0,1.0,Rural,Y,138.0,0,1,0,0,1,0,1,0,0,0,0,1,0,1,0,0,1,0,0
289,LP002361,,Male,Yes,0,Graduate,No,1820,1719.0,360.0,1.0,Urban,Y,100.0,0,1,0,0,1,0,1,0,0,0,0,1,0,1,0,0,0,0,1
290,LP002364,,Male,Yes,0,Graduate,No,14880,0.0,360.0,1.0,Semiurban,Y,96.0,0,1,0,0,1,0,1,0,0,0,0,1,0,1,0,0,0,1,0
291,LP002366,,Male,Yes,0,Graduate,No,2666,4300.0,360.0,1.0,Rural,Y,121.0,0,1,0,0,1,0,1,0,0,0,0,1,0,1,0,0,1,0,0
292,LP002368,,Male,Yes,2,Graduate,No,5935,0.0,360.0,1.0,Semiurban,Y,133.0,0,1,0,0,1,0,0,0,1,0,0,1,0,1,0,0,0,1,0
293,LP002369,,Male,Yes,0,Graduate,No,2920,16.12000084,360.0,1.0,Rural,Y,87.0,0,1,0,0,1,0,1,0,0,0,0,1,0,1,0,0,1,0,0
294,LP002370,,Male,No,0,Not Graduate,No,2717,0.0,180.0,1.0,Urban,Y,60.0,0,1,0,1,0,0,1,0,0,0,0,0,1,1,0,0,0,0,1
295,LP002377,,Female,No,1,Graduate,Yes,8624,0.0,360.0,1.0,Semiurban,Y,150.0,1,0,0,1,0,0,0,1,0,0,0,1,0,0,1,0,0,1,0
296,LP002386,,Male,No,0,Graduate,,12876,0.0,360.0,1.0,Semiurban,Y,405.0,0,1,0,1,0,0,1,0,0,0,0,1,0,0,0,1,0,1,0
297,LP002387,,Male,Yes,0,Graduate,No,2425,2340.0,360.0,1.0,Semiurban,Y,143.0,0,1,0,0,1,0,1,0,0,0,0,1,0,1,0,0,0,1,0
298,LP002390,,Male,No,0,Graduate,No,3750,0.0,360.0,1.0,Urban,Y,100.0,0,1,0,1,0,0,1,0,0,0,0,1,0,1,0,0,0,0,1
299,LP002393,,Female,,,Graduate,No,10047,0.0,240.0,1.0,Semiurban,Y,,1,0,0,0,0,1,0,0,0,0,1,1,0,1,0,0,0,1,0
300,LP002398,,Male,No,0,Graduate,No,1926,1851.0,360.0,1.0,Semiurban,Y,50.0,0,1,0,1,0,0,1,0,0,0,0,1,0,1,0,0,0,1,0
301,LP002401,,Male,Yes,0,Graduate,No,2213,1125.0,360.0,1.0,Urban,Y,,0,1,0,0,1,0,1,0,0,0,0,1,0,1,0,0,0,0,1
302,LP002407,,Female,Yes,0,Not Graduate,Yes,7142,0.0,360.0,1.0,Rural,Y,138.0,1,0,0,0,1,0,1,0,0,0,0,0,1,0,1,0,1,0,0
303,LP002408,,Male,No,0,Graduate,No,3660,5064.0,360.0,1.0,Semiurban,Y,187.0,0,1,0,1,0,0,1,0,0,0,0,1,0,1,0,0,0,1,0
304,LP002409,,Male,Yes,0,Graduate,No,7901,1833.0,360.0,1.0,Rural,Y,180.0,0,1,0,0,1,0,1,0,0,0,0,1,0,1,0,0,1,0,0
305,LP002418,,Male,No,3+,Not Graduate,No,4707,1993.0,360.0,1.0,Semiurban,Y,148.0,0,1,0,1,0,0,0,0,0,1,0,0,1,1,0,0,0,1,0
306,LP002422,,Male,No,1,Graduate,No,37719,0.0,360.0,1.0,Semiurban,Y,152.0,0,1,0,1,0,0,0,1,0,0,0,1,0,1,0,0,0,1,0
307,LP002424,,Male,Yes,0,Graduate,No,7333,8333.0,300.0,,Rural,Y,175.0,0,1,0,0,1,0,1,0,0,0,0,1,0,1,0,0,1,0,0
308,LP002429,,Male,Yes,1,Graduate,Yes,3466,1210.0,360.0,1.0,Rural,Y,130.0,0,1,0,0,1,0,0,1,0,0,0,1,0,0,1,0,1,0,0
309,LP002434,,Male,Yes,2,Not Graduate,No,4652,0.0,360.0,1.0,Rural,Y,110.0,0,1,0,0,1,0,0,0,1,0,0,0,1,1,0,0,1,0,0
310,LP002447,,Male,Yes,2,Not Graduate,No,1958,1456.0,300.0,,Urban,Y,60.0,0,1,0,0,1,0,0,0,1,0,0,0,1,1,0,0,0,0,1
311,LP002449,,Male,Yes,0,Graduate,No,2483,2466.0,180.0,0.0,Rural,Y,90.0,0,1,0,0,1,0,1,0,0,0,0,1,0,1,0,0,1,0,0
312,LP002453,,Male,No,0,Graduate,Yes,7085,0.0,360.0,1.0,Semiurban,Y,84.0,0,1,0,1,0,0,1,0,0,0,0,1,0,0,1,0,0,1,0
313,LP002455,,Male,Yes,2,Graduate,No,3859,0.0,360.0,1.0,Semiurban,Y,96.0,0,1,0,0,1,0,0,0,1,0,0,1,0,1,0,0,0,1,0
314,LP002459,,Male,Yes,0,Graduate,No,4301,0.0,360.0,1.0,Urban,Y,118.0,0,1,0,0,1,0,1,0,0,0,0,1,0,1,0,0,0,0,1
315,LP002472,,Male,No,2,Graduate,No,4354,0.0,360.0,1.0,Rural,Y,136.0,0,1,0,1,0,0,0,0,1,0,0,1,0,1,0,0,1,0,0
316,LP002478,,,Yes,0,Graduate,Yes,2083,4083.0,360.0,,Semiurban,Y,160.0,0,0,1,0,1,0,1,0,0,0,0,1,0,0,1,0,0,1,0
317,LP002484,,Male,Yes,3+,Graduate,No,7740,0.0,180.0,1.0,Urban,Y,128.0,0,1,0,0,1,0,0,0,0,1,0,1,0,1,0,0,0,0,1
318,LP002487,,Male,Yes,0,Graduate,No,3015,2188.0,360.0,1.0,Rural,Y,153.0,0,1,0,0,1,0,1,0,0,0,0,1,0,1,0,0,1,0,0
319,LP002489,,Female,No,1,Not Graduate,,5191,0.0,360.0,1.0,Semiurban,Y,132.0,1,0,0,1,0,0,0,1,0,0,0,0,1,0,0,1,0,1,0
320,LP002494,,Male,No,0,Graduate,No,6000,0.0,360.0,1.0,Rural,Y,140.0,0,1,0,1,0,0,1,0,0,0,0,1,0,1,0,0,1,0,0
321,LP002501,,,Yes,0,Graduate,No,16692,0.0,360.0,1.0,Semiurban,Y,110.0,0,0,1,0,1,0,1,0,0,0,0,1,0,1,0,0,0,1,0
322,LP002502,,Female,Yes,2,Not Graduate,,210,2917.0,360.0,1.0,Semiurban,Y,98.0,1,0,0,0,1,0,0,0,1,0,0,0,1,0,0,1,0,1,0
323,LP002515,,Male,Yes,1,Graduate,Yes,3450,2079.0,360.0,1.0,Semiurban,Y,162.0,0,1,0,0,1,0,0,1,0,0,0,1,0,0,1,0,0,1,0
324,LP002519,,Male,Yes,3+,Graduate,No,4691,0.0,360.0,1.0,Semiurban,Y,100.0,0,1,0,0,1,0,0,0,0,1,0,1,0,1,0,0,0,1,0
325,LP002522,,Female,No,0,Graduate,Yes,2500,0.0,360.0,,Urban,Y,93.0,1,0,0,1,0,0,1,0,0,0,0,1,0,0,1,0,0,0,1
326,LP002524,,Male,No,2,Graduate,No,5532,4648.0,360.0,1.0,Rural,Y,162.0,0,1,0,1,0,0,0,0,1,0,0,1,0,1,0,0,1,0,0
327,LP002527,,Male,Yes,2,Graduate,Yes,16525,1014.0,360.0,1.0,Rural,Y,150.0,0,1,0,0,1,0,0,0,1,0,0,1,0,0,1,0,1,0,0
328,LP002529,,Male,Yes,2,Graduate,No,6700,1750.0,300.0,1.0,Semiurban,Y,230.0,0,1,0,0,1,0,0,0,1,0,0,1,0,1,0,0,0,1,0
329,LP002531,,Male,Yes,1,Graduate,Yes,16667,2250.0,360.0,1.0,Semiurban,Y,86.0,0,1,0,0,1,0,0,1,0,0,0,1,0,0,1,0,0,1,0
330,LP002534,,Female,No,0,Not Graduate,No,4350,0.0,360.0,1.0,Rural,Y,154.0,1,0,0,1,0,0,1,0,0,0,0,0,1,1,0,0,1,0,0
331,LP002536,,Male,Yes,3+,Not Graduate,No,3095,0.0,360.0,1.0,Rural,Y,113.0,0,1,0,0,1,0,0,0,0,1,0,0,1,1,0,0,1,0,0
332,LP002537,,Male,Yes,0,Graduate,No,2083,3150.0,360.0,1.0,Semiurban,Y,128.0,0,1,0,0,1,0,1,0,0,0,0,1,0,1,0,0,0,1,0
333,LP002541,,Male,Yes,0,Graduate,No,10833,0.0,360.0,1.0,Semiurban,Y,234.0,0,1,0,0,1,0,1,0,0,0,0,1,0,1,0,0,0,1,0
334,LP002543,,Male,Yes,2,Graduate,No,8333,0.0,360.0,1.0,Semiurban,Y,246.0,0,1,0,0,1,0,0,0,1,0,0,1,0,1,0,0,0,1,0
335,LP002544,,Male,Yes,1,Not Graduate,No,1958,2436.0,360.0,1.0,Rural,Y,131.0,0,1,0,0,1,0,0,1,0,0,0,0,1,1,0,0,1,0,0
336,LP002555,,Male,Yes,2,Graduate,Yes,4583,2083.0,360.0,1.0,Semiurban,Y,160.0,0,1,0,0,1,0,0,0,1,0,0,1,0,0,1,0,0,1,0
337,LP002560,,Male,No,0,Not Graduate,No,2699,2785.0,360.0,,Semiurban,Y,96.0,0,1,0,1,0,0,1,0,0,0,0,0,1,1,0,0,0,1,0
338,LP002562,,Male,Yes,1,Not Graduate,No,5333,1131.0,360.0,,Urban,Y,186.0,0,1,0,0,1,0,0,1,0,0,0,0,1,1,0,0,0,0,1
339,LP002571,,Male,No,0,Not Graduate,No,3691,0.0,360.0,1.0,Rural,Y,110.0,0,1,0,1,0,0,1,0,0,0,0,0,1,1,0,0,1,0,0
340,LP002582,,Female,No,0,Not Graduate,Yes,17263,0.0,360.0,1.0,Semiurban,Y,225.0,1,0,0,1,0,0,1,0,0,0,0,0,1,0,1,0,0,1,0
341,LP002586,,Female,Yes,1,Graduate,No,3326,913.0,84.0,1.0,Semiurban,Y,105.0,1,0,0,0,1,0,0,1,0,0,0,1,0,1,0,0,0,1,0
342,LP002587,,Male,Yes,0,Not Graduate,No,2600,1700.0,360.0,1.0,Rural,Y,107.0,0,1,0,0,1,0,1,0,0,0,0,0,1,1,0,0,1,0,0
343,LP002588,,Male,Yes,0,Graduate,No,4625,2857.0,12.0,,Urban,Y,111.0,0,1,0,0,1,0,1,0,0,0,0,1,0,1,0,0,0,0,1
344,LP002600,,Male,Yes,1,Graduate,Yes,2895,0.0,360.0,1.0,Semiurban,Y,95.0,0,1,0,0,1,0,0,1,0,0,0,1,0,0,1,0,0,1,0
345,LP002603,,Female,No,0,Graduate,No,645,3683.0,480.0,1.0,Rural,Y,113.0,1,0,0,1,0,0,1,0,0,0,0,1,0,1,0,0,1,0,0
346,LP002606,,Female,No,0,Graduate,No,3159,0.0,360.0,1.0,Semiurban,Y,100.0,1,0,0,1,0,0,1,0,0,0,0,1,0,1,0,0,0,1,0
347,LP002615,,Male,Yes,2,Graduate,No,4865,5624.0,360.0,1.0,Semiurban,Y,208.0,0,1,0,0,1,0,0,0,1,0,0,1,0,1,0,0,0,1,0
348,LP002619,,Male,Yes,0,Not Graduate,No,3814,1483.0,300.0,1.0,Semiurban,Y,124.0,0,1,0,0,1,0,1,0,0,0,0,0,1,1,0,0,0,1,0
349,LP002622,,Male,Yes,2,Graduate,No,3510,4416.0,360.0,1.0,Rural,Y,243.0,0,1,0,0,1,0,0,0,1,0,0,1,0,1,0,0,1,0,0
350,LP002624,,Male,Yes,0,Graduate,No,20833,6667.0,360.0,,Urban,Y,480.0,0,1,0,0,1,0,1,0,0,0,0,1,0,1,0,0,0,0,1
351,LP002626,,Male,Yes,0,Graduate,Yes,2479,3013.0,360.0,1.0,Urban,Y,188.0,0,1,0,0,1,0,1,0,0,0,0,1,0,0,1,0,0,0,1
352,LP002634,,Female,No,1,Graduate,No,13262,0.0,360.0,1.0,Urban,Y,40.0,1,0,0,1,0,0,0,1,0,0,0,1,0,1,0,0,0,0,1
353,LP002640,,Male,Yes,1,Graduate,No,6065,2004.0,360.0,1.0,Semiurban,Y,250.0,0,1,0,0,1,0,0,1,0,0,0,1,0,1,0,0,0,1,0
354,LP002643,,Male,Yes,2,Graduate,No,3283,2035.0,360.0,1.0,Urban,Y,148.0,0,1,0,0,1,0,0,0,1,0,0,1,0,1,0,0,0,0,1
355,LP002659,,Male,Yes,3+,Graduate,No,3466,3428.0,360.0,1.0,Rural,Y,150.0,0,1,0,0,1,0,0,0,0,1,0,1,0,1,0,0,1,0,0
356,LP002670,,Female,Yes,2,Graduate,No,2031,1632.0,480.0,1.0,Semiurban,Y,113.0,1,0,0,0,1,0,0,0,1,0,0,1,0,1,0,0,0,1,0
357,LP002689,,Male,Yes,2,Not Graduate,No,2192,1742.0,360.0,1.0,Semiurban,Y,45.0,0,1,0,0,1,0,0,0,1,0,0,0,1,1,0,0,0,1,0
358,LP002690,,Male,No,0,Graduate,No,2500,0.0,360.0,1.0,Semiurban,Y,55.0,0,1,0,1,0,0,1,0,0,0,0,1,0,1,0,0,0,1,0
359,LP002692,,Male,Yes,3+,Graduate,Yes,5677,1424.0,360.0,1.0,Rural,Y,100.0,0,1,0,0,1,0,0,0,0,1,0,1,0,0,1,0,1,0,0
360,LP002693,,Male,Yes,2,Graduate,Yes,7948,7166.0,360.0,1.0,Rural,Y,480.0,0,1,0,0,1,0,0,0,1,0,0,1,0,0,1,0,1,0,0
361,LP002699,,Male,Yes,2,Graduate,Yes,17500,0.0,360.0,1.0,Rural,Y,400.0,0,1,0,0,1,0,0,0,1,0,0,1,0,0,1,0,1,0,0
362,LP002705,,Male,Yes,0,Graduate,No,3775,0.0,360.0,1.0,Semiurban,Y,110.0,0,1,0,0,1,0,1,0,0,0,0,1,0,1,0,0,0,1,0
363,LP002706,,Male,Yes,1,Not Graduate,No,5285,1430.0,360.0,0.0,Semiurban,Y,161.0,0,1,0,0,1,0,0,1,0,0,0,0,1,1,0,0,0,1,0
364,LP002714,,Male,No,1,Not Graduate,No,2679,1302.0,360.0,1.0,Semiurban,Y,94.0,0,1,0,1,0,0,0,1,0,0,0,0,1,1,0,0,0,1,0
365,LP002716,,Male,No,0,Not Graduate,No,6783,0.0,360.0,1.0,Semiurban,Y,130.0,0,1,0,1,0,0,1,0,0,0,0,0,1,1,0,0,0,1,0
366,LP002717,,Male,Yes,0,Graduate,No,1025,5500.0,360.0,,Rural,Y,216.0,0,1,0,0,1,0,1,0,0,0,0,1,0,1,0,0,1,0,0
367,LP002720,,Male,Yes,3+,Graduate,No,4281,0.0,360.0,1.0,Urban,Y,100.0,0,1,0,0,1,0,0,0,0,1,0,1,0,1,0,0,0,0,1
368,LP002731,,Female,No,0,Not Graduate,Yes,18165,0.0,360.0,1.0,Urban,Y,125.0,1,0,0,1,0,0,1,0,0,0,0,0,1,0,1,0,0,0,1
369,LP002732,,Male,No,0,Not Graduate,,2550,2042.0,360.0,1.0,Rural,Y,126.0,0,1,0,1,0,0,1,0,0,0,0,0,1,0,0,1,1,0,0
370,LP002734,,Male,Yes,0,Graduate,No,6133,3906.0,360.0,1.0,Urban,Y,324.0,0,1,0,0,1,0,1,0,0,0,0,1,0,1,0,0,0,0,1
371,LP002738,,Male,No,2,Graduate,No,3617,0.0,360.0,1.0,Semiurban,Y,107.0,0,1,0,1,0,0,0,0,1,0,0,1,0,1,0,0,0,1,0
372,LP002740,,Male,Yes,3+,Graduate,No,6417,0.0,180.0,1.0,Rural,Y,157.0,0,1,0,0,1,0,0,0,0,1,0,1,0,1,0,0,1,0,0
373,LP002741,,Female,Yes,1,Graduate,No,4608,2845.0,180.0,1.0,Semiurban,Y,140.0,1,0,0,0,1,0,0,1,0,0,0,1,0,1,0,0,0,1,0
374,LP002753,,Female,No,1,Graduate,,3652,0.0,360.0,1.0,Semiurban,Y,95.0,1,0,0,1,0,0,0,1,0,0,0,1,0,0,0,1,0,1,0
375,LP002755,,Male,Yes,1,Not Graduate,No,2239,2524.0,360.0,1.0,Urban,Y,128.0,0,1,0,0,1,0,0,1,0,0,0,0,1,1,0,0,0,0,1
376,LP002757,,Female,Yes,0,Not Graduate,No,3017,663.0,360.0,,Semiurban,Y,102.0,1,0,0,0,1,0,1,0,0,0,0,0,1,1,0,0,0,1,0
377,LP002767,,Male,Yes,0,Graduate,No,2768,1950.0,360.0,1.0,Rural,Y,155.0,0,1,0,0,1,0,1,0,0,0,0,1,0,1,0,0,1,0,0
378,LP002772,,Male,No,0,Graduate,No,2526,1783.0,360.0,1.0,Rural,Y,145.0,0,1,0,1,0,0,1,0,0,0,0,1,0,1,0,0,1,0,0
379,LP002777,,Male,Yes,0,Graduate,No,2785,2016.0,360.0,1.0,Rural,Y,110.0,0,1,0,0,1,0,1,0,0,0,0,1,0,1,0,0,1,0,0
380,LP002784,,Male,Yes,1,Not Graduate,No,2492,2375.0,360.0,1.0,Rural,Y,,0,1,0,0,1,0,0,1,0,0,0,0,1,1,0,0,1,0,0
381,LP002785,,Male,Yes,1,Graduate,No,3333,3250.0,360.0,1.0,Urban,Y,158.0,0,1,0,0,1,0,0,1,0,0,0,1,0,1,0,0,0,0,1
382,LP002792,,Male,Yes,1,Graduate,No,5468,1032.0,360.0,1.0,Semiurban,Y,26.0,0,1,0,0,1,0,0,1,0,0,0,1,0,1,0,0,0,1,0
383,LP002794,,Female,No,0,Graduate,No,2667,1625.0,360.0,,Urban,Y,84.0,1,0,0,1,0,0,1,0,0,0,0,1,0,1,0,0,0,0,1
384,LP002795,,Male,Yes,3+,Graduate,Yes,10139,0.0,360.0,1.0,Semiurban,Y,260.0,0,1,0,0,1,0,0,0,0,1,0,1,0,0,1,0,0,1,0
385,LP002798,,Male,Yes,0,Graduate,No,3887,2669.0,360.0,1.0,Semiurban,Y,162.0,0,1,0,0,1,0,1,0,0,0,0,1,0,1,0,0,0,1,0
386,LP002804,,Female,Yes,0,Graduate,No,4180,2306.0,360.0,1.0,Semiurban,Y,182.0,1,0,0,0,1,0,1,0,0,0,0,1,0,1,0,0,0,1,0
387,LP002807,,Male,Yes,2,Not Graduate,No,3675,242.0,360.0,1.0,Semiurban,Y,108.0,0,1,0,0,1,0,0,0,1,0,0,0,1,1,0,0,0,1,0
388,LP002813,,Female,Yes,1,Graduate,Yes,19484,0.0,360.0,1.0,Semiurban,Y,600.0,1,0,0,0,1,0,0,1,0,0,0,1,0,0,1,0,0,1,0
389,LP002820,,Male,Yes,0,Graduate,No,5923,2054.0,360.0,1.0,Rural,Y,211.0,0,1,0,0,1,0,1,0,0,0,0,1,0,1,0,0,1,0,0
390,LP002821,,Male,No,0,Not Graduate,Yes,5800,0.0,360.0,1.0,Semiurban,Y,132.0,0,1,0,1,0,0,1,0,0,0,0,0,1,0,1,0,0,1,0
391,LP002833,,Male,Yes,0,Not Graduate,No,4467,0.0,360.0,,Rural,Y,120.0,0,1,0,0,1,0,1,0,0,0,0,0,1,1,0,0,1,0,0
392,LP002836,,Male,No,0,Graduate,No,3333,0.0,360.0,1.0,Urban,Y,70.0,0,1,0,1,0,0,1,0,0,0,0,1,0,1,0,0,0,0,1
393,LP002842,,Male,Yes,1,Graduate,No,3417,1750.0,360.0,1.0,Urban,Y,186.0,0,1,0,0,1,0,0,1,0,0,0,1,0,1,0,0,0,0,1
394,LP002855,,Male,Yes,2,Graduate,No,16666,0.0,360.0,1.0,Urban,Y,275.0,0,1,0,0,1,0,0,0,1,0,0,1,0,1,0,0,0,0,1
395,LP002868,,Male,Yes,2,Graduate,No,3159,461.0,84.0,1.0,Urban,Y,108.0,0,1,0,0,1,0,0,0,1,0,0,1,0,1,0,0,0,0,1
396,LP002874,,Male,No,0,Graduate,No,3229,2739.0,360.0,1.0,Urban,Y,110.0,0,1,0,1,0,0,1,0,0,0,0,1,0,1,0,0,0,0,1
397,LP002877,,Male,Yes,1,Graduate,No,1782,2232.0,360.0,1.0,Rural,Y,107.0,0,1,0,0,1,0,0,1,0,0,0,1,0,1,0,0,1,0,0
398,LP002888,,Male,No,0,Graduate,,3182,2917.0,360.0,1.0,Urban,Y,161.0,0,1,0,1,0,0,1,0,0,0,0,1,0,0,0,1,0,0,1
399,LP002892,,Male,Yes,2,Graduate,No,6540,0.0,360.0,1.0,Semiurban,Y,205.0,0,1,0,0,1,0,0,0,1,0,0,1,0,1,0,0,0,1,0
400,LP002894,,Female,Yes,0,Graduate,No,3166,0.0,360.0,1.0,Semiurban,Y,36.0,1,0,0,0,1,0,1,0,0,0,0,1,0,1,0,0,0,1,0
401,LP002916,,Male,Yes,0,Graduate,No,2297,1522.0,360.0,1.0,Urban,Y,104.0,0,1,0,0,1,0,1,0,0,0,0,1,0,1,0,0,0,0,1
402,LP002917,,Female,No,0,Not Graduate,No,2165,0.0,360.0,1.0,Semiurban,Y,70.0,1,0,0,1,0,0,1,0,0,0,0,0,1,1,0,0,0,1,0
403,LP002925,,,No,0,Graduate,No,4750,0.0,360.0,1.0,Semiurban,Y,94.0,0,0,1,1,0,0,1,0,0,0,0,1,0,1,0,0,0,1,0
404,LP002928,,Male,Yes,0,Graduate,No,3000,3416.0,180.0,1.0,Semiurban,Y,56.0,0,1,0,0,1,0,1,0,0,0,0,1,0,1,0,0,0,1,0
405,LP002933,,,No,3+,Graduate,Yes,9357,0.0,360.0,1.0,Semiurban,Y,292.0,0,0,1,1,0,0,0,0,0,1,0,1,0,0,1,0,0,1,0
406,LP002936,,Male,Yes,0,Graduate,No,3859,3300.0,180.0,1.0,Rural,Y,142.0,0,1,0,0,1,0,1,0,0,0,0,1,0,1,0,0,1,0,0
407,LP002938,,Male,Yes,0,Graduate,Yes,16120,0.0,360.0,1.0,Urban,Y,260.0,0,1,0,0,1,0,1,0,0,0,0,1,0,0,1,0,0,0,1
408,LP002940,,Male,No,0,Not Graduate,No,3833,0.0,360.0,1.0,Rural,Y,110.0,0,1,0,1,0,0,1,0,0,0,0,0,1,1,0,0,1,0,0
409,LP002945,,Male,Yes,0,Graduate,Yes,9963,0.0,360.0,1.0,Rural,Y,180.0,0,1,0,0,1,0,1,0,0,0,0,1,0,0,1,0,1,0,0
410,LP002948,,Male,Yes,2,Graduate,No,5780,0.0,360.0,1.0,Urban,Y,192.0,0,1,0,0,1,0,0,0,1,0,0,1,0,1,0,0,0,0,1
411,LP002950,,Male,Yes,0,Not Graduate,,2894,2792.0,360.0,1.0,Rural,Y,155.0,0,1,0,0,1,0,1,0,0,0,0,0,1,0,0,1,1,0,0
412,LP002953,,Male,Yes,3+,Graduate,No,5703,0.0,360.0,1.0,Urban,Y,128.0,0,1,0,0,1,0,0,0,0,1,0,1,0,1,0,0,0,0,1
413,LP002958,,Male,No,0,Graduate,No,3676,4301.0,360.0,1.0,Rural,Y,172.0,0,1,0,1,0,0,1,0,0,0,0,1,0,1,0,0,1,0,0
414,LP002959,,Female,Yes,1,Graduate,No,12000,0.0,360.0,1.0,Semiurban,Y,496.0,1,0,0,0,1,0,0,1,0,0,0,1,0,1,0,0,0,1,0
415,LP002961,,Male,Yes,1,Graduate,No,3400,2500.0,360.0,1.0,Semiurban,Y,173.0,0,1,0,0,1,0,0,1,0,0,0,1,0,1,0,0,0,1,0
416,LP002964,,Male,Yes,2,Not Graduate,No,3987,1411.0,360.0,1.0,Rural,Y,157.0,0,1,0,0,1,0,0,0,1,0,0,0,1,1,0,0,1,0,0
417,LP002974,,Male,Yes,0,Graduate,No,3232,1950.0,360.0,1.0,Rural,Y,108.0,0,1,0,0,1,0,1,0,0,0,0,1,0,1,0,0,1,0,0
418,LP002978,,Female,No,0,Graduate,No,2900,0.0,360.0,1.0,Rural,Y,71.0,1,0,0,1,0,0,1,0,0,0,0,1,0,1,0,0,1,0,0
419,LP002979,,Male,Yes,3+,Graduate,No,4106,0.0,180.0,1.0,Rural,Y,40.0,0,1,0,0,1,0,0,0,0,1,0,1,0,1,0,0,1,0,0
420,LP002983,,Male,Yes,1,Graduate,No,8072,240.0,360.0,1.0,Urban,Y,253.0,0,1,0,0,1,0,0,1,0,0,0,1,0,1,0,0,0,0,1
421,LP002984,,Male,Yes,2,Graduate,No,7583,0.0,360.0,1.0,Urban,Y,187.0,0,1,0,0,1,0,0,0,1,0,0,1,0,1,0,0,0,0,1
